language,England and Wales
English,49.808.185
Welsh/Cymraeg ,8.248
French,147.099
Portuguese,133.453
Spanish,120.222
Italian,92.241
German,77.240
Polish,546.174
Slovak,50.485
Czech,29.363
Romanian,67.586
Lithuanian,85.469
Latvian,31.523
Hungarian,44.365
Bulgarian,38.496
Greek,50.205
Dutch,26.657
Swedish,19.211
Danish,9.971
Finnish,6.592
Estonian,3.398
Slovenian,1.235
Maltese,3.108
Albanian,32.425
Serbian,14.164
Ukrainian,6.578
Yiddish,3.987
Russian,67.366
Turkish,99.423
Arabic,159.290
Hebrew,6.207
Kurdish,48.239
Persian/Farsi,76.391
Pashto,40.277
Urdu,268.680
Hindi,45.757
Panjabi,273.231
Pakistani Pahari,21.854
Bengali,221.403
Gujarati,213.094
Marathi,6.406
Telugu,14.653
Tamil,100.689
Malayalam,36.186
Sinhala,14.736
Nepalese,52.785
Mandarin Chinese,22.025
Cantonese Chinese,44.404
Japanese,27.764
Korean,15.218
Vietnamese,15.168
Thai,27.366
Malay,12.576
Filipino,70.342
Amharic,8.615
Tigrinya,12.443
Somali,85.918
Krio,1.192
Akan,18.417
Yoruba,14.914
Igbo,7.946
Swahili,15.059
Luganda,3.445
Lingala,4.914
Shona,21.395
Afrikaans,11.247
Other,18.129
