Greater London,language
611.740,English
11.680,French
11.000,Portuguese
7.940,Spanish
17.310,Arabic
42.280,Bengali
26.560,Urdu
19.470,Panjabi
18.590,Gujarati
14.540,Tamil
3.770,Hindi
1.550,Malayalam
1.450,Nepali
910,Sinhala
320,Konkani
270,Telugu
180,Marathi
100,Pahari
60,Sindhi
60,Balochi
5.460,Chinese
3.590,Tagalog/Filipino
2.290,Vietnamese
1.130,Japanese
960,Korean
480,Thai
370,Malay variants
120,Mongolian (Khalkha)
100,Burmese/Myanma
15.420,Turkish
6.370,Persian/Farsi variants
2.770,Pashto/Pakhto
2.550,Kurdish
630,Hebrew
180,Assyrian/Aramaic
10.050,Polish
3.190,Greek
2.930,Italian
2.770,Lithuanian
1.780,German
1.010,Dutch/Flemish
990,Romanian
380,Slovak
330,Czech
300,Hungarian
140,Romany/English Romanes
60,Maltese
50,Romani (International)
50,Slovenian
50,Welsh/Cymraeg
7.580,Albanian/Shqip
2.060,Russian
1.360,Serbian/Croatian/Bosnian
1.050,Nordic
870,Bulgarian
220,Ukrainian
200,Armenian
190,Gaelic
170,Latvian
70,Macedonian
50,Georgian
24.750,Somali
1.300,Tigrinya
1.050,Amharic
12.970,Yoruba
7.290,Akan
2.580,Igbo
670,Ga
670,Krio
350,Edo/Bini
270,Wolof
220,Ebira
190,Hausa
170,Ewe
160,Urhobo-Isoko
100,Efik-Ibibio
80,Manding variants
60,Fula/Fulfulde-Pulaar
60,Mende
60,Esan/Ishan
50,Temne
2.820,Lingala
2.630,Swahili variants
1.500,Luganda
1.040,Shona
330,Acholi
290,Katchi
280,Afrikaans
150,Ambo
120,Ndebele
120,Bemba
120,Tigre
110,Zulu
90,Kikuyu/Gikuyu
90,Luo (Kenya/Tanzania)
80,Dinka/Jieng
80,Kinyarwanda
70,Chichewa/Nyanja
60,Xhosa
60,Lango (Uganda)
3.200,Creoles and Pidgins
170,Guarani
66.280,Other than English
1.170,Others
7.120,Unknown
1.012.030,Total
