language,value
West Germanic not further defined,3.0
West Germanic not further defined,6.38336444e-05
Afrikaans,36966.0
Afrikaans,0.7865581665
Dutch,23343.0
Dutch,0.4966895872
English,4482135.0
English,95.37033727
German,41385.0
German,0.8805851247
Friesian,327.0
Friesian,0.006957867241
Yiddish,39.0
Yiddish,0.0008298373774
Scots,174.0
Scots,0.003702351376
West Germanic not elsewhere classified,3210.0
West Germanic not elsewhere classified,0.06830199953
North Germanic not further defined,3.0
North Germanic not further defined,6.38336444e-05
Danish,2343.0
Danish,0.04985407629
Norwegian,1245.0
Norwegian,0.02649096243
Swedish,3330.0
Swedish,0.0708553453
Icelandic,153.0
Icelandic,0.003255515865
North Germanic not elsewhere classified,15.0
North Germanic not elsewhere classified,0.0003191682221
Romance not further defined,3.0
Romance not further defined,6.38336444e-05
French,55116.0
French,1.172751715
Catalan,381.0
Catalan,0.008106872841
Portuguese,10569.0
Portuguese,0.2248859293
Spanish,38823.0
Spanish,0.8260711924
Italian,9903.0
Italian,0.2107148602
Romanian,1998.0
Romanian,0.04251320718
Romance not elsewhere classified,585.0
Romance not elsewhere classified,0.01244756066
Greek,2925.0
Greek,0.06223780331
Baltic not further defined,3.0
Baltic not further defined,6.38336444e-05
Latvian,333.0
Latvian,0.00708553453
Lithuanian,216.0
Lithuanian,0.004596022398
Slavic not further defined,78.0
Slavic not further defined,0.001659674755
Belorussian,75.0
Belorussian,0.00159584111
Russian,12543.0
Russian,0.2668884673
Ukrainian,1080.0
Ukrainian,0.02298011199
Bulgarian,840.0
Bulgarian,0.01787342044
Macedonian,801.0
Macedonian,0.01704358306
Serbo-Croatian,5502.0
Serbo-Croatian,0.1170709039
Slovene,321.0
Slovene,0.006830199953
Czech,2460.0
Czech,0.05234358842
Polish,3114.0
Polish,0.0662593229
Slovak,804.0
Slovak,0.0171074167
Slavic not elsewhere classified,21.0
Slavic not elsewhere classified,0.0004468355109
Albanian,348.0
Albanian,0.007404702752
Armenian,168.0
Armenian,0.003574684087
Indo-Aryan not further defined,2289.0
Indo-Aryan not further defined,0.04870507069
Hindi,69471.0
Hindi,1.478195704
Urdu,7824.0
Urdu,0.1664781446
Fiji Hindi,26805.0
Fiji Hindi,0.5703536129
Bengali,3468.0
Bengali,0.07379169294
Oriya,129.0
Oriya,0.00274484671
Nepalese,3261.0
Nepalese,0.06938717148
Panjabi,34227.0
Panjabi,0.7282780491
Sindhi,348.0
Sindhi,0.007404702752
Kashmiri,135.0
Kashmiri,0.002872513999
Sinhala,7266.0
Sinhala,0.1546050868
Gujarati,22200.0
Gujarati,0.4723689687
Konkani,915.0
Konkani,0.01946926155
Marathi,4770.0
Marathi,0.1014954946
Romani,18.0
Romani,0.0003830018665
Indo-Aryan not elsewhere classified,720.0
Indo-Aryan not elsewhere classified,0.01532007466
Celtic not further defined,3.0
Celtic not further defined,6.38336444e-05
Welsh,1083.0
Welsh,0.02304394563
Scottish Gaelic,549.0
Scottish Gaelic,0.01168155693
Irish,1176.0
Irish,0.02502278861
Breton,3.0
Breton,6.38336444e-05
Celtic not elsewhere classified,15.0
Celtic not elsewhere classified,0.0003191682221
Iranian not further defined,3.0
Iranian not further defined,6.38336444e-05
Persian,7002.0
Persian,0.1489877261
Kurdish,924.0
Kurdish,0.01966076248
Pashto,1611.0
Pashto,0.03427866705
Iranian not elsewhere classified,36.0
Iranian not elsewhere classified,0.000766003733
Turkish,1476.0
Turkish,0.03140615305
Azeri,123.0
Azeri,0.002617179421
Turko-Altaic not elsewhere classified,237.0
Turko-Altaic not elsewhere classified,0.005042857909
Estonian,234.0
Estonian,0.004979024264
Finnish,858.0
Finnish,0.0182564223
Hungarian,1953.0
Hungarian,0.04155570251
Dravidian not further defined,27.0
Dravidian not further defined,0.0005745027997
Kannada,1692.0
Kannada,0.03600217545
Malayalam,9024.0
Malayalam,0.1920116024
Tamil,10107.0
Tamil,0.215055548
Telugu,5754.0
Telugu,0.12243293
Dravidian not elsewhere classified,3.0
Dravidian not elsewhere classified,6.38336444e-05
Sinitic not further defined,51501.0
Sinitic not further defined,1.095832174
Cantonese,52767.0
Cantonese,1.122769972
Hakka,1215.0
Hakka,0.02585262599
Min,5760.0
Min,0.1225605973
Mandarin,95253.0
Mandarin,2.026782044
Wu,1080.0
Wu,0.02298011199
Tieu-Chow,1329.0
Tieu-Chow,0.02827830448
Sinitic not elsewhere classified,219.0
Sinitic not elsewhere classified,0.004659856042
Tibeto-Lolo-Burman not further defined,18.0
Tibeto-Lolo-Burman not further defined,0.0003830018665
Burmese,2325.0
Burmese,0.04947107442
Tibetan,120.0
Tibetan,0.002553345777
Tibeto-Lolo-Burman not elsewhere classified,651.0
Tibeto-Lolo-Burman not elsewhere classified,0.01385190084
Khmer,7551.0
Khmer,0.160669283
Mon-Khmer not elsewhere classified,114.0
Mon-Khmer not elsewhere classified,0.002425678488
Vietnamese,7755.0
Vietnamese,0.1650099708
Lao,1380.0
Lao,0.02936347643
Thai,9066.0
Thai,0.1929052734
Shan,15.0
Shan,0.0003191682221
Tai-Kadai not elsewhere classified,378.0
Tai-Kadai not elsewhere classified,0.008043039196
Central Pacific not further defined,9.0
Central Pacific not further defined,0.0001915009332
Te Reo Māori,185955.0
Te Reo Māori,3.956728449
Samoan,101937.0
Samoan,2.169003404
Tongan,35820.0
Tongan,0.7621737143
Cook Islands Māori,7833.0
Cook Islands Māori,0.1666696456
Niuean,4182.0
Niuean,0.08898410032
Tokelauan,2406.0
Tokelauan,0.05119458282
Tuvaluan,2898.0
Tuvaluan,0.06166330051
Tahitian,273.0
Tahitian,0.005808861642
Pukapukan,177.0
Pukapukan,0.003766185021
Fijian,7143.0
Fijian,0.1519879074
Rotuman,333.0
Rotuman,0.00708553453
Central Pacific not elsewhere classified,132.0
Central Pacific not elsewhere classified,0.002808680354
Solomon Islands languages,117.0
Solomon Islands languages,0.002489512132
Micronesian not further defined,3.0
Micronesian not further defined,6.38336444e-05
Kiribati,2196.0
Kiribati,0.04672622771
Nauruan,69.0
Nauruan,0.001468173822
Micronesian not elsewhere classified,27.0
Micronesian not elsewhere classified,0.0005745027997
Vanuatu Languages,135.0
Vanuatu Languages,0.002872513999
Western Malayo-Polynesian not further defined,90.0
Western Malayo-Polynesian not further defined,0.001915009333
Bisayan,2217.0
Bisayan,0.04717306322
Cebuano,1506.0
Cebuano,0.0320444895
Ilokano,816.0
Ilokano,0.01736275128
Bahasa Indonesia,6282.0
Bahasa Indonesia,0.1336676514
Malay,8097.0
Malay,0.1722870063
Tagalog,43278.0
Tagalog,0.9208641543
Javanese,144.0
Javanese,0.003064014932
Western Malayo-Polynesian not elsewhere classified,1326.0
Western Malayo-Polynesian not elsewhere classified,0.02821447083
Somali,1242.0
Somali,0.02642712879
Cushitic not elsewhere classified,153.0
Cushitic not elsewhere classified,0.003255515865
Assyrian,1443.0
Assyrian,0.03070398296
Arabic,12399.0
Arabic,0.2638244524
Maltese,117.0
Maltese,0.002489512132
Amharic,912.0
Amharic,0.0194054279
Tigrinya,453.0
Tigrinya,0.009638880307
Hebrew,1662.0
Hebrew,0.03536383901
Semitic not elsewhere classified,537.0
Semitic not elsewhere classified,0.01142622235
Chadic not further defined,3.0
Chadic not further defined,6.38336444e-05
Hausa,48.0
Hausa,0.001021338311
Chadic not elsewhere classified,3.0
Chadic not elsewhere classified,6.38336444e-05
Bantu not further defined,69.0
Bantu not further defined,0.001468173822
Swahili,1092.0
Swahili,0.02323544657
Yoruba,231.0
Yoruba,0.00491519062
Zulu,996.0
Zulu,0.02119276995
Bantu not elsewhere classified,2268.0
Bantu not elsewhere classified,0.04825823518
Other Niger-Congo not further defined,33.0
Other Niger-Congo not further defined,0.0007021700886
Fulani,12.0
Fulani,0.0002553345777
Other Niger-Congo not elsewhere classified,291.0
Other Niger-Congo not elsewhere classified,0.006191863508
Pidgins and Creoles not further defined,267.0
Pidgins and Creoles not further defined,0.005681194353
Creole,165.0
Creole,0.003510850443
French Creole,141.0
French Creole,0.003000181288
Pidgin English,507.0
Pidgin English,0.01078788591
Neo Melanesian,45.0
Neo Melanesian,0.0009575046662
Mauritian Creole,30.0
Mauritian Creole,0.0006383364442
Tok Pisin,309.0
Tok Pisin,0.006574865375
Hindi Bat,6.0
Hindi Bat,0.0001276672888
Solomon Islands Pidgin,339.0
Solomon Islands Pidgin,0.007213201819
Bislama,798.0
Bislama,0.01697974941
Pidgins and Creoles not elsewhere classified,168.0
Pidgins and Creoles not elsewhere classified,0.003574684087
Japanese,24885.0
Japanese,0.5295000804
Korean,31323.0
Korean,0.6664870813
Basque,54.0
Basque,0.0011490056
Papuan,120.0
Papuan,0.002553345777
Nilo-Saharan,42.0
Nilo-Saharan,0.0008936710218
Miaow-Yao,66.0
Miaow-Yao,0.001404340177
Georgian,78.0
Georgian,0.001659674755
Australian,84.0
Australian,0.001787342044
Amerind,42.0
Amerind,0.0008936710218
Other languages,48.0
Other languages,0.001021338311
Artificial languages not further defined,6.0
Artificial languages not further defined,0.0001276672888
Esperanto,102.0
Esperanto,0.00217034391
Sign Language not further defined,297.0
Sign Language not further defined,0.006319530797
New Zealand Sign Language,22986.0
New Zealand Sign Language,0.4890933835
Signed English,18.0
Signed English,0.0003830018665
American Sign Language,129.0
American Sign Language,0.00274484671
Australian Sign Language,30.0
Australian Sign Language,0.0006383364442
British Sign Language,48.0
British Sign Language,0.001021338311
No language,101751.0
No language,2.165045718
Total responses,5834166.0
Total people,4699755.0
