area,language,2016
Australia,All Other Languages,120438
Australia,Arabic,321720
Australia,Australian Indigenous Languages,64761
Australia,Cantonese,280943
Australia,Mandarin,596703
Australia,Croatian,56885
Australia,Dutch,33826
Australia,Filipino/Tagalog,182498
Australia,French,70878
Australia,German,79352
Australia,Greek,237583
Australia,Hindi,159637
Australia,Hungarian,19890
Australia,Indonesian,67894
Australia,Persian,58312
Australia,Italian,271602
Australia,Japanese,55958
Australia,Khmer,35429
Australia,Korean,108994
Australia,Macedonian,66020
Australia,Maltese,31993
Australia,Polish,48070
Australia,Portuguese,48856
Australia,Russian,50312
Australia,Samoan,44875
Australia,Serbian,53800
Australia,Sinhalese,64613
Australia,Spanish,140813
Australia,Tamil,73161
Australia,Turkish,58356
Australia,Vietnamese,277391
Australia,Afrikaans,43748
Australia,Albanian,9183
Australia,Amharic,6813
Australia,Armenian,10205
Australia,Assyrian/Aramaic,45690
Australia,Auslan,10118
Australia,Bengali,54552
Australia,Bosnian,15822
Australia,Bulgarian,2679
Australia,Burmese,16321
Australia,"Chinese, nfd",19974
Australia,Czech,7940
Australia,Danish,5777
Australia,Estonian,1836
Australia,Fijian,8148
Australia,Finnish,5979
Australia,Gujarati,52871
Australia,Hakka,8978
Australia,Hebrew,10344
Australia,Hmong,2452
Australia,Min Nan (incl.Hokkien),17900
Australia,Not Stated,1509833
Australia,"Indo-Aryan, nfd",1391
Australia,Kannada,9698
Australia,Kurdish,6202
Australia,Lao,9985
Australia,Latvian,2952
Australia,Malay,17936
Australia,Malayalam,53203
Australia,Maori (Cook Island),5119
Australia,Maori (New Zealand),11746
Australia,Marathi,13057
Australia,Nepali,62005
Australia,Non-verbal so described,33166
Australia,Norwegian,2895
Australia,Oromo,3047
Australia,Pashto,9234
Australia,Punjabi,132500
Australia,Romanian,12954
Australia,Shona,11039
Australia,Slovak,5432
Australia,Slovene,4083
Australia,Somali,14174
Australia,Swahili,11463
Australia,Swedish,8959
Australia,Telugu,34434
Australia,Tetum,1107
Australia,Thai,55438
Australia,Tongan,17694
Australia,Ukrainian,7675
Australia,Urdu,69295
Australia,Wu,3380
Australia,Yiddish,1502
Australia,Total population,23401906
