area,language,2001
Australia,All Other Languages,62032.0
Australia,Arabic,209121.0
Australia,Australian Indigenous Languages,50538.0
Australia,Cantonese,225088.0
Australia,Mandarin,139114.0
Australia,Croatian,69748.0
Australia,Dutch,40058.0
Australia,Filipino/Tagalog,78760.0
Australia,French,39551.0
Australia,German,76215.0
Australia,Greek,263487.0
Australia,Hindi,47766.0
Australia,Hungarian,24413.0
Australia,Indonesian,38698.0
Australia,Persian,25211.0
Australia,Italian,353229.0
Australia,Japanese,28245.0
Australia,Khmer,21952.0
Australia,Korean,39458.0
Australia,Macedonian,71982.0
Australia,Maltese,41347.0
Australia,Polish,58992.0
Australia,Portuguese,23650.0
Australia,Russian,34741.0
Australia,Samoan,22703.0
Australia,Serbian,49152.0
Australia,Sinhalese,20660.0
Australia,Spanish,93410.0
Australia,Tamil,24029.0
Australia,Turkish,50606.0
Australia,Vietnamese,174027.0
Australia,Afrikaans,7979.0
Australia,Albanian,7551.0
Australia,Amharic,1454.0
Australia,Armenian,9742.0
Australia,Assyrian/Aramaic,18067.0
Australia,Auslan,3276.0
Australia,Bengali,11646.0
Australia,Bosnian,15916.0
Australia,Bulgarian,1899.0
Australia,Burmese,5886.0
Australia,"Chinese, nfd",14566.0
Australia,Czech,7238.0
Australia,Danish,5196.0
Australia,Estonian,1628.0
Australia,Fijian,4873.0
Australia,Finnish,6219.0
Australia,Gujarati,5475.0
Australia,Hakka,7445.0
Australia,Hebrew,5901.0
Australia,Hmong,1787.0
Australia,Min Nan (incl.Hokkien),12993.0
Australia,Not Stated,923853.0
Australia,"Indo-Aryan, nfd",1721.0
Australia,Kannada,1934.0
Australia,Kurdish,2839.0
Australia,Lao,9567.0
Australia,Latvian,5335.0
Australia,Malay,9397.0
Australia,Malayalam,3006.0
Australia,Maori (Cook Island),3216.0
Australia,Maori (New Zealand),5456.0
Australia,Marathi,2256.0
Australia,Nepali,2497.0
Australia,Non-verbal so described,11817.0
Australia,Norwegian,2865.0
Australia,Oromo,549.0
Australia,Pashto,1604.0
Australia,Punjabi,14894.0
Australia,Romanian,10253.0
Australia,Shona,383.0
Australia,Slovak,4675.0
Australia,Slovene,5077.0
Australia,Somali,4723.0
Australia,Swahili,1401.0
Australia,Swedish,4973.0
Australia,Telugu,3485.0
Australia,Tetum,728.0
Australia,Thai,17293.0
Australia,Tongan,10550.0
Australia,Ukrainian,10698.0
Australia,Urdu,12476.0
Australia,Wu,1023.0
Australia,Yiddish,2667.0
Australia,Total population,18724319.0
Greater Capital Cities,All Other Languages,45366.0
Greater Capital Cities,Arabic,201416.0
Greater Capital Cities,Australian Indigenous Languages,2859.0
Greater Capital Cities,Cantonese,212328.0
Greater Capital Cities,Mandarin,130418.0
Greater Capital Cities,Croatian,57336.0
Greater Capital Cities,Dutch,26897.0
Greater Capital Cities,Filipino/Tagalog,68507.0
Greater Capital Cities,French,31909.0
Greater Capital Cities,German,51458.0
Greater Capital Cities,Greek,244932.0
Greater Capital Cities,Hindi,44406.0
Greater Capital Cities,Hungarian,20355.0
Greater Capital Cities,Indonesian,35330.0
Greater Capital Cities,Persian,23367.0
Greater Capital Cities,Italian,298475.0
Greater Capital Cities,Japanese,20881.0
Greater Capital Cities,Khmer,21281.0
Greater Capital Cities,Korean,36511.0
Greater Capital Cities,Macedonian,58164.0
Greater Capital Cities,Maltese,37390.0
Greater Capital Cities,Polish,50249.0
Greater Capital Cities,Portuguese,20271.0
Greater Capital Cities,Russian,31823.0
Greater Capital Cities,Samoan,21039.0
Greater Capital Cities,Serbian,42699.0
Greater Capital Cities,Sinhalese,19080.0
Greater Capital Cities,Spanish,82002.0
Greater Capital Cities,Tamil,22151.0
Greater Capital Cities,Turkish,45898.0
Greater Capital Cities,Vietnamese,166850.0
Greater Capital Cities,Afrikaans,5978.0
Greater Capital Cities,Albanian,6516.0
Greater Capital Cities,Amharic,1373.0
Greater Capital Cities,Armenian,9551.0
Greater Capital Cities,Assyrian/Aramaic,17883.0
Greater Capital Cities,Auslan,2419.0
Greater Capital Cities,Bengali,10376.0
Greater Capital Cities,Bosnian,14403.0
Greater Capital Cities,Bulgarian,1672.0
Greater Capital Cities,Burmese,5562.0
Greater Capital Cities,"Chinese, nfd",13549.0
Greater Capital Cities,Czech,5962.0
Greater Capital Cities,Danish,3812.0
Greater Capital Cities,Estonian,1362.0
Greater Capital Cities,Fijian,4034.0
Greater Capital Cities,Finnish,3808.0
Greater Capital Cities,Gujarati,5120.0
Greater Capital Cities,Hakka,7079.0
Greater Capital Cities,Hebrew,5491.0
Greater Capital Cities,Hmong,1019.0
Greater Capital Cities,Min Nan (incl.Hokkien),12434.0
Greater Capital Cities,Not Stated,577334.0
Greater Capital Cities,"Indo-Aryan, nfd",1622.0
Greater Capital Cities,Kannada,1817.0
Greater Capital Cities,Kurdish,2673.0
Greater Capital Cities,Lao,8311.0
Greater Capital Cities,Latvian,4497.0
Greater Capital Cities,Malay,6857.0
Greater Capital Cities,Malayalam,2836.0
Greater Capital Cities,Maori (Cook Island),2647.0
Greater Capital Cities,Maori (New Zealand),3958.0
Greater Capital Cities,Marathi,2076.0
Greater Capital Cities,Nepali,2288.0
Greater Capital Cities,Non-verbal so described,8891.0
Greater Capital Cities,Norwegian,1999.0
Greater Capital Cities,Oromo,551.0
Greater Capital Cities,Pashto,1532.0
Greater Capital Cities,Punjabi,12001.0
Greater Capital Cities,Romanian,9394.0
Greater Capital Cities,Shona,310.0
Greater Capital Cities,Slovak,4057.0
Greater Capital Cities,Slovene,3849.0
Greater Capital Cities,Somali,4631.0
Greater Capital Cities,Swahili,1019.0
Greater Capital Cities,Swedish,3451.0
Greater Capital Cities,Telugu,3203.0
Greater Capital Cities,Tetum,660.0
Greater Capital Cities,Thai,13926.0
Greater Capital Cities,Tongan,8871.0
Greater Capital Cities,Ukrainian,8454.0
Greater Capital Cities,Urdu,11335.0
Greater Capital Cities,Wu,968.0
Greater Capital Cities,Yiddish,2600.0
Greater Capital Cities,Total population,11812078.0
