area,language,2011
Australia,All Other Languages,77987
Australia,Arabic,287171
Australia,Australian Indigenous Languages,61749
Australia,Cantonese,263538
Australia,Mandarin,336178
Australia,Croatian,61545
Australia,Dutch,37247
Australia,Filipino/Tagalog,136846
Australia,French,57741
Australia,German,80366
Australia,Greek,252211
Australia,Hindi,111349
Australia,Hungarian,20875
Australia,Indonesian,55861
Australia,Persian,34563
Australia,Italian,299829
Australia,Japanese,43690
Australia,Khmer,29518
Australia,Korean,79784
Australia,Macedonian,68843
Australia,Maltese,34398
Australia,Polish,50696
Australia,Portuguese,33348
Australia,Russian,44054
Australia,Samoan,36574
Australia,Serbian,55114
Australia,Sinhalese,48192
Australia,Spanish,117493
Australia,Tamil,50145
Australia,Turkish,59625
Australia,Vietnamese,233388
Australia,Afrikaans,35027
Australia,Albanian,8945
Australia,Amharic,4515
Australia,Armenian,9706
Australia,Assyrian/Aramaic,31317
Australia,Auslan,8406
Australia,Bengali,35647
Australia,Bosnian,16266
Australia,Bulgarian,2316
Australia,Burmese,12337
Australia,"Chinese, nfd",23792
Australia,Czech,7270
Australia,Danish,5751
Australia,Estonian,1417
Australia,Fijian,6827
Australia,Finnish,5971
Australia,Gujarati,34210
Australia,Hakka,8912
Australia,Hebrew,9666
Australia,Hmong,2023
Australia,Min Nan (incl.Hokkien),16352
Australia,Not Stated,1093228
Australia,"Indo-Aryan, nfd",4229
Australia,Kannada,5925
Australia,Kurdish,4590
Australia,Lao,9539
Australia,Latvian,3627
Australia,Malay,15893
Australia,Malayalam,25108
Australia,Maori (Cook Island),4635
Australia,Maori (New Zealand),9977
Australia,Marathi,8570
Australia,Nepali,27156
Australia,Non-verbal so described,21907
Australia,Norwegian,2673
Australia,Oromo,2027
Australia,Pashto,4799
Australia,Punjabi,71231
Australia,Romanian,12251
Australia,Shona,8004
Australia,Slovak,4992
Australia,Slovene,4185
Australia,Somali,9912
Australia,Swahili,6884
Australia,Swedish,7329
Australia,Telugu,18723
Australia,Tetum,954
Australia,Thai,36665
Australia,Tongan,16005
Australia,Ukrainian,7761
Australia,Urdu,36835
Australia,Wu,2064
Australia,Yiddish,1762
Australia,Total population,21507724
Greater Capital Cities,All Other Languages,59390
Greater Capital Cities,Arabic,272053
Greater Capital Cities,Australian Indigenous Languages,3895
Greater Capital Cities,Cantonese,248543
Greater Capital Cities,Mandarin,310587
Greater Capital Cities,Croatian,50296
Greater Capital Cities,Dutch,24733
Greater Capital Cities,Filipino/Tagalog,113029
Greater Capital Cities,French,45461
Greater Capital Cities,German,54295
Greater Capital Cities,Greek,234758
Greater Capital Cities,Hindi,102455
Greater Capital Cities,Hungarian,17115
Greater Capital Cities,Indonesian,50663
Greater Capital Cities,Persian,31383
Greater Capital Cities,Italian,253158
Greater Capital Cities,Japanese,31473
Greater Capital Cities,Khmer,28289
Greater Capital Cities,Korean,71380
Greater Capital Cities,Macedonian,56137
Greater Capital Cities,Maltese,30979
Greater Capital Cities,Polish,43282
Greater Capital Cities,Portuguese,27581
Greater Capital Cities,Russian,39420
Greater Capital Cities,Samoan,33517
Greater Capital Cities,Serbian,47899
Greater Capital Cities,Sinhalese,44034
Greater Capital Cities,Spanish,101567
Greater Capital Cities,Tamil,45941
Greater Capital Cities,Turkish,54793
Greater Capital Cities,Vietnamese,221903
Greater Capital Cities,Afrikaans,23507
Greater Capital Cities,Albanian,7913
Greater Capital Cities,Amharic,4231
Greater Capital Cities,Armenian,9540
Greater Capital Cities,Assyrian/Aramaic,31048
Greater Capital Cities,Auslan,6032
Greater Capital Cities,Bengali,32040
Greater Capital Cities,Bosnian,14670
Greater Capital Cities,Bulgarian,2066
Greater Capital Cities,Burmese,11184
Greater Capital Cities,"Chinese, nfd",20699
Greater Capital Cities,Czech,5662
Greater Capital Cities,Danish,3947
Greater Capital Cities,Estonian,1001
Greater Capital Cities,Fijian,5231
Greater Capital Cities,Finnish,3720
Greater Capital Cities,Gujarati,31995
Greater Capital Cities,Hakka,8621
Greater Capital Cities,Hebrew,8701
Greater Capital Cities,Hmong,1448
Greater Capital Cities,Min Nan (incl.Hokkien),15661
Greater Capital Cities,Not Stated,685407
Greater Capital Cities,"Indo-Aryan, nfd",3402
Greater Capital Cities,Kannada,5476
Greater Capital Cities,Kurdish,4378
Greater Capital Cities,Lao,8263
Greater Capital Cities,Latvian,2913
Greater Capital Cities,Malay,13358
Greater Capital Cities,Malayalam,21075
Greater Capital Cities,Maori (Cook Island),3532
Greater Capital Cities,Maori (New Zealand),6974
Greater Capital Cities,Marathi,7963
Greater Capital Cities,Nepali,24533
Greater Capital Cities,Non-verbal so described,17041
Greater Capital Cities,Norwegian,1884
Greater Capital Cities,Oromo,1964
Greater Capital Cities,Pashto,4361
Greater Capital Cities,Punjabi,63266
Greater Capital Cities,Romanian,11036
Greater Capital Cities,Shona,5811
Greater Capital Cities,Slovak,4350
Greater Capital Cities,Slovene,3161
Greater Capital Cities,Somali,9614
Greater Capital Cities,Swahili,5428
Greater Capital Cities,Swedish,5298
Greater Capital Cities,Telugu,16710
Greater Capital Cities,Tetum,922
Greater Capital Cities,Thai,29065
Greater Capital Cities,Tongan,13183
Greater Capital Cities,Ukrainian,6277
Greater Capital Cities,Urdu,33221
Greater Capital Cities,Wu,2010
Greater Capital Cities,Yiddish,1714
Greater Capital Cities,Total population,13743980
